disease	taxon_rank_level	ncbi_taxon_id	samples	abus_mean	abus_median	abus_sd
D003424	genus	2316020	1666	3.099680524	1.159175622	5.781873197
D003424	genus	572511	1655	4.000882637	1.798319328	5.952361089
D003424	genus	816	1632	20.12863944	16.32507827	17.64938478
D003424	genus	1485	1498	1.549528079	0.678755068	3.283194467
D003424	genus	1678	1397	4.550961805	0.969565316	10.31960267
D003424	genus	207244	1368	1.478207469	0.496960025	4.806085894
D003424	genus	216851	1347	7.796209773	5.482426381	8.762018158
D003424	genus	375288	1336	3.044688322	1.50038178	5.780386965
D003424	genus	946234	1315	0.756260235	0.296501044	1.89576359
D003424	genus	841	1277	3.254445954	1.20580088	6.225013079
D003424	genus	909656	1249	17.34339662	12.58075748	16.6063241
D003424	genus	1301	1244	3.179780804	0.293230367	10.10303323
D003424	genus	239759	1191	4.28704911	2.365495112	5.629003933
D003424	genus	2719313	1181	1.722523957	0.375889887	4.431020535
D003424	genus	189330	1143	1.098578464	0.586959824	1.366883965
D003424	genus	28050	1113	1.530179469	0.641274652	2.545507805
D003424	genus	1407607	1103	1.256568717	0.54611	1.843819906
D003424	genus	39948	1067	2.612011373	1.076948831	5.549939416
D003424	genus	1730	1047	1.239489201	0.397029921	1.847594368
D003424	genus	1506553	1033	0.822491083	0.232360023	2.350533594
D003424	genus	1263	989	2.189630075	1.026883911	3.744432399
D003424	genus	459786	939	0.840877301	0.352977741	1.206554307
D003424	genus	561	935	6.294878069	0.747140374	14.38258276
D003424	genus	29465	932	3.101101908	0.342969983	7.752590222
D003424	genus	33042	867	0.894566591	0.394179882	1.508260961
D003424	genus	102106	838	1.081295038	0.347605104	2.068441678
D003424	genus	35832	835	0.453262861	0.225993843	0.691538991
D003424	genus	2591381	828	0.392879197	0.220647676	0.548097379
D003424	genus	1905344	808	0.697119461	0.115869988	2.085302082
D003424	genus	283168	753	0.638976163	0.44901	0.661466671
D003424	genus	577310	753	1.122854796	0.580511403	1.966750264
D003424	genus	1505663	752	0.765679292	0.154140039	1.996329142
D003424	genus	2569097	718	0.648700581	0.28726	1.03282833
D003424	genus	2048137	690	0.274199454	0.122655919	0.432057295
D003424	genus	33024	682	1.427739054	0.848921012	2.005736101
D003424	genus	84111	676	0.35975948	0.13689295	0.672349397
D003424	genus	2527773	656	1.321710963	0.374942187	2.95716046
D003424	genus	1432051	624	0.711761962	0.120440006	1.846676539
D003424	genus	1505657	618	0.344380452	0.08272962	0.711653937
D003424	genus	2981631	614	0.578820928	0.128815006	1.278641675
D003424	genus	40544	595	2.587450918	0.905560167	5.888430432
D003424	genus	239934	587	5.141660942	0.883562615	11.79932279
D003424	genus	1649459	586	0.536391839	0.075974971	2.519424383
D003424	genus	61170	585	0.12225265	0.033484812	0.409864295
D003424	genus	1392389	572	0.254231262	0.107064664	0.418755391
D003424	genus	2719231	570	0.407551485	0.134775013	1.014321038
D003424	genus	2172004	567	0.193339386	0.106202358	0.34980227
D003424	genus	596767	517	0.098742469	0.056590006	0.165295418
D003424	genus	2678885	507	0.376045547	0.102509995	0.95113359
D003424	genus	838	500	2.713259722	0.201565074	6.51414617
D003424	genus	1654	488	0.671600907	0.039050042	3.551027229
D003424	genus	1501226	480	0.633101367	0.093545	3.251110276
D003424	genus	2815777	473	0.486149631	0.188454446	0.776438744
D003424	genus	204475	468	0.797251521	0.284319929	1.280004897
D003424	genus	2005359	462	0.194388402	0.059283745	0.352377213
D003424	genus	2005355	453	1.43952794	0.321969968	4.271612332
D003424	genus	2039302	451	0.444626435	0.245209975	0.691038608
D003424	genus	1578	443	3.709122167	0.183430144	10.80480957
D003424	genus	244127	438	0.124353213	0.030455508	0.450542389
D003424	genus	724	430	0.586411591	0.087486927	1.567349555
D003424	genus	1017280	417	0.223780373	0.048570015	0.48844796
D003424	genus	1350	415	4.441937932	0.315729874	13.76547911
D003424	genus	1506577	414	0.911085177	0.243090024	1.684975354
D003424	genus	2039240	414	0.322744802	0.088610651	0.653473849
D003424	genus	848	406	1.481604547	0.256318915	3.620493097
D003424	genus	397864	400	1.430354086	0.756358965	1.757862487
D003424	genus	570	397	3.265550585	0.377651894	10.70681083
D003424	genus	580596	392	0.429797591	0.297998888	0.483257661
D003424	genus	1769710	392	0.367456806	0.160234976	0.705840533
D003424	genus	2892396	373	0.580519768	0.143840058	1.620725453
D003424	genus	1924093	366	0.122648085	0.035709996	0.28694385
D003424	genus	1980693	340	0.486645324	0.191129325	0.848997377
D003424	genus	574697	334	0.313630598	0.148573576	0.457155542
D003424	genus	904	320	2.705885991	0.726789965	4.320874993
D003424	genus	2211178	318	0.268266434	0.154620015	0.485136577
D003424	genus	191303	317	0.29951655	0.085772386	0.847171114
D003424	genus	447020	317	0.211979012	0.097620303	0.300839492
D003424	genus	644652	310	0.086887302	0.045782212	0.169080434
D003424	genus	906	308	1.833883631	0.19712498	4.587386443
D003424	genus	1980681	298	0.251032043	0.094880005	0.436265509
D003424	genus	2944193	296	0.795423454	0.072823069	2.414847215
D003424	genus	1357	294	0.466394049	0.030202976	2.824935911
D003424	genus	2529408	270	0.135718304	0.016234994	0.593978098
D003424	genus	1926663	266	0.043023786	0.019710608	0.079090132
D003424	genus	1766253	259	5.157426979	1.216760677	9.118685108
D003424	genus	872	256	0.296018227	0.135381231	0.43830465
D003424	genus	292632	254	2.851516202	1.640131303	4.518219798
D003424	genus	577309	240	1.034502072	0.297161677	2.153392947
D003424	genus	1918536	239	0.529193421	0.10155997	1.318349023
D003424	genus	117563	236	0.302406817	0.014912502	1.472264455
D003424	genus	2742598	235	2.361303744	0.271336951	7.768325559
D003424	genus	32207	230	0.293405116	0.050346892	0.791778076
D003424	genus	1573535	227	0.940206392	0.439040044	1.45365498
D003424	genus	3025755	227	0.864103349	0.210084034	2.165032902
D003424	genus	1378	224	0.531982967	0.074301229	1.963070362
D003424	genus	1472649	224	0.060931584	0.017054997	0.132599271
D003424	genus	2974251	220	15.18368099	0.834289918	22.67439192
D003424	genus	2767887	214	1.50603777	0.202430554	3.859595718
D003424	genus	1348911	208	0.569628172	0.184977644	1.842042548
D003424	genus	836	206	0.458953979	0.138970972	0.907982382
D003424	genus	2759736	204	0.336281798	0.084005017	0.659612631
D003424	genus	84108	193	0.256238885	0.093672992	0.446813092
D003424	genus	2944200	189	0.068324245	0.03111	0.112721696
D003424	genus	2944198	183	0.025111825	0.011490005	0.039814003
D003424	genus	583	182	1.669494626	0.186712003	6.38941273
D003424	genus	158846	170	2.186943196	0.244570665	7.046109112
D003424	genus	1257	164	0.717330939	0.111418396	1.53842324
D003424	genus	2005473	162	1.038295978	0.437408201	1.503432866
D003424	genus	194	159	0.21898774	0.085173072	0.428367994
D003424	genus	1279	156	6.831487101	0.299097524	12.02224443
D003424	genus	1924110	155	0.121236453	0.031749997	0.41666507
D003424	genus	2944199	153	0.069628872	0.023860005	0.10986607
D003424	genus	264995	150	0.018935985	0.005682315	0.043600802
D003424	genus	2508948	150	0.085104692	0.038940004	0.200072714
D003424	genus	1935927	146	0.013094569	0.007415001	0.016313214
D003424	genus	165779	145	0.806341502	0.146059956	1.634904845
D003424	genus	1573534	143	0.337317896	0.114830338	0.595592447
D003424	genus	286	140	0.806348498	0.143159747	3.015601392
D003424	genus	990721	140	0.055425653	0.006162354	0.236751827
D003424	genus	162289	138	1.215560265	0.163058289	2.770634959
D003424	genus	1918511	136	0.187055111	0.083891571	0.464565689
D003424	genus	100883	133	0.111668778	0.022970039	0.275165823
D003424	genus	2126544	133	0.012912658	0.007299997	0.015956067
D003424	genus	1763508	129	0.060216505	0.015160002	0.138068027
D003424	genus	1940255	129	0.223031553	0.018149575	0.756951676
D003424	genus	1473205	128	0.309407899	0.16677	0.415668088
D003424	genus	2764317	127	0.021620869	0.013219999	0.032735044
D003424	genus	135858	125	1.018673246	0.4364	1.362248125
D003424	genus	209879	125	0.234599482	0.11982	0.303050281
D003424	genus	123375	123	0.171894117	0.024480002	0.357298207
D003424	genus	2895461	123	0.016000803	0.004810001	0.036216571
D003424	genus	1243	121	0.245133223	0.033938571	0.872632902
D003424	genus	86331	121	0.22498479	0.019378343	0.592365462
D003424	genus	1283313	121	0.518716987	0.253108837	0.878704722
D003424	genus	420345	120	0.023552017	0.016100625	0.025341352
D003424	genus	52784	113	0.085512403	0.007743287	0.537851978
D003424	genus	2172	112	0.64516443	0.215138767	1.81214241
D003424	genus	581	110	1.134142683	0.211289967	2.758518617
D003424	genus	1918538	109	0.302901625	0.090589973	0.502918877
D003424	genus	1929297	109	0.012185985	0.006150001	0.016602
D003424	genus	2023266	109	0.242517851	0.070830014	0.50499727
D003424	genus	544	108	1.064205629	0.155650752	4.776978941
D003424	genus	1716	102	0.180845609	0.035565618	0.413058893
D003424	genus	2918511	102	0.017018554	0.005862401	0.028757962
D003424	genus	547	101	1.664192771	0.082511939	8.051373342
D003424	genus	150022	99	0.955949527	0.096893357	2.128133391
D003424	genus	2944148	99	0.019792865	0.009763549	0.026625741
D003424	genus	1253	98	1.407936255	0.212114963	3.120311994
D003424	genus	1505652	97	0.437997798	0.181863272	1.156940599
D003424	genus	543311	96	0.498273163	0.09298091	1.310825986
D003424	genus	2316203	96	0.027255759	0.02291981	0.038193127
D003424	genus	1686313	95	1.263364647	0.150357098	3.010320123
D003424	genus	1924105	95	0.163186552	0.046260037	0.317769404
D003424	genus	1987016	94	0.09041116	0.009365004	0.265351928
D003424	genus	1918450	93	0.018141557	0.006849996	0.033667007
D003424	genus	1380	90	0.619700205	0.125468157	1.49493474
D003424	genus	2005525	89	0.213642584	0.118920794	0.304965713
D003424	genus	196081	88	0.27973734	0.007909999	1.322907242
D003424	genus	508459	87	0.158392822	0.016842249	0.32144786
D003424	genus	1903506	87	0.350277734	0.121749988	0.512766743
D003424	genus	404402	86	0.222801275	0.038493147	0.389874047
D003424	genus	2944152	86	1.134582795	0.209830042	2.704347195
D003424	genus	1912216	85	0.115390247	0.028079994	0.285001723
D003424	genus	1470349	84	0.107184495	0.030152462	0.217110939
D003424	genus	1870884	82	0.357676074	0.118482881	0.678804229
D003424	genus	1935176	82	0.029758666	0.012900719	0.046801848
D003424	genus	482	79	0.772641504	0.462357149	1.342794464
D003424	genus	580024	77	0.138653678	0.056377146	0.163784147
D003424	genus	133925	72	0.329266328	0.122456356	0.47221012
D003424	genus	248744	72	0.1816324	0.019050216	0.568921254
D003424	genus	1906119	72	0.203372132	0.134901751	0.22138039
D003424	genus	1926556	72	0.184464016	0.041204158	0.473659805
D003424	genus	2717089	71	0.18671989	0.034460003	0.383995485
D003424	genus	46255	67	1.92034177	0.075610023	10.02104867
D003424	genus	2749846	66	0.244797732	0.027315003	0.635696243
D003424	genus	2767353	65	0.155772362	0.008210001	0.652524863
D003424	genus	469	64	1.08612836	0.146845867	1.797359077
D003424	genus	2038676	63	0.126197122	0.01746366	0.325044776
D003424	genus	31977	62	1.543313643	0.222245955	4.301751497
D003424	genus	2678884	62	0.016343648	0.007657645	0.027140104
D003424	genus	1935200	61	0.098752311	0.009691049	0.186204507
D003424	genus	119852	60	0.089721393	0.004889262	0.180966696
D003424	genus	184869	60	0.256922332	0.094808397	0.3497482
D003424	genus	1774128	60	0.044965292	0.003990001	0.137180013
D003424	genus	172900	57	0.06188753	0.028680009	0.120478272
D003424	genus	2944196	57	1.774227113	0.128889974	4.661076328
D003424	genus	2944146	56	0.025983808	0.009911185	0.034041492
D003424	genus	2740	54	0.286564183	0.067792329	0.678360397
D003424	genus	13687	54	1.390252782	0.240416565	2.762396264
D003424	genus	177971	54	0.107999589	0.004971925	0.456758421
D003424	genus	416916	54	0.17425347	0.045286354	0.3928354
D003424	genus	2749267	54	0.165939666	0.048060004	0.236101977
D003424	genus	32067	52	0.365166914	0.232856109	0.367822722
D003424	genus	180162	52	1.570807002	0.385069086	6.00388109
D003424	genus	3028852	52	0.037539029	0.001625436	0.084306983
D003424	genus	209	51	0.954298246	0.806933652	0.87660938
D003424	genus	419014	50	0.704636894	0.008149998	3.341313007
D003424	genus	265975	49	0.273233244	0.107028184	0.459553619
D003424	genus	1847725	49	0.237256183	0.077304352	0.37544176
D003424	genus	2126006	49	0.034482679	0.015687406	0.064770566
D003424	genus	2767885	49	0.221942216	0.044190004	0.563725726
D003424	genus	2789662	49	0.04166483	0.005889999	0.135008743
D003424	genus	84026	48	0.056770795	0.002855984	0.175855227
D003424	genus	2163168	48	0.374866565	0.180868173	0.730640746
D003424	genus	2696673	47	1.040797286	0.509871884	1.630629763
D003424	genus	1743	46	0.174985697	0.015195003	0.560591043
D003424	genus	2701	46	0.51398913	0.055516443	1.998019097
D003424	genus	846	45	0.090731229	0.052011096	0.10845682
D003424	genus	2494213	45	0.608242084	0.210720042	0.972399646
D003424	genus	1582879	44	0.208190969	0.127675603	0.283950091
D003424	genus	2767842	44	1.44567639	0.09407999	4.532711486
D003424	genus	579	43	0.440076506	0.19843002	0.800526737
D003424	genus	46123	43	0.401311946	0.041630012	0.781469607
D003424	genus	1928820	43	0.009812515	0.003199998	0.014355812
D003424	genus	156454	42	0.654090108	0.106865	1.541409816
D003424	genus	2944144	41	0.00573258	0.001620087	0.012494067
D003424	genus	2944194	41	0.138614919	0.081229959	0.186528057
D003424	genus	156973	40	1.617368041	0.316451804	2.541207074
D003424	genus	1161127	40	0.802702242	0.085780584	1.583322139
D003424	genus	1849822	40	0.405242265	0.307746208	0.281068812
D003424	genus	970	39	0.375717443	0.115660023	0.731852296
D003424	genus	1164882	36	0.270578189	0.16150505	0.58345759
D003424	genus	2944151	36	0.044843305	0.006577897	0.105078082
D003424	genus	76833	35	0.061603525	0.00585	0.220374311
D003424	genus	92793	35	0.240631453	0.081033173	0.285660762
D003424	genus	212791	35	0.185156607	0.167489422	0.162200386
D003424	genus	1331051	35	0.187187761	0.141606591	0.132415724
D003424	genus	1924081	35	0.106273327	0.046919995	0.117724405
D003424	genus	1016	34	0.582612257	0.244695257	1.375127536
D003424	genus	1892380	34	0.036139289	0.0063323	0.100352578
D003424	genus	2383	32	1.927510201	0.203983159	5.073918572
D003424	genus	638847	32	0.368771367	0.228463857	0.665880448
D003424	genus	2683202	32	0.207745798	0.073819978	0.248624469
D003424	genus	2813348	32	0.011401129	0.003504999	0.023146266
D003424	genus	568	31	0.544190052	0.214392911	0.913495047
D003424	genus	52225	31	4.167367119	0.233908695	11.95171625
D003424	genus	1980675	31	3.776259088	0.022010002	9.410753932
D003424	genus	28138	29	0.227457518	0.178382664	0.221910407
D003424	genus	1987748	29	0.430140153	0.178840036	0.594623487
D003424	genus	538	28	0.776940632	0.150478845	1.182925774
D003424	genus	2050	28	0.111061164	0.032037461	0.164637145
D003424	genus	109326	28	0.052979699	0.013163849	0.086186478
D003424	genus	2944147	28	0.009630141	0.00144	0.01670846
D003424	genus	2944197	28	0.063866692	0.058047705	0.054982816
D003424	genus	1918540	27	0.896644747	0.172506097	2.968196592
D003424	genus	1926677	27	0.175124458	0.00624	0.850610438
D003424	genus	1918598	26	0.569146367	0.40851006	0.56344444
D003424	genus	196082	25	0.05643476	0.00465	0.222206412
D003424	genus	2093823	25	0.155784079	0.01379	0.559804919
D003424	genus	2983250	25	0.010037675	0.003031102	0.020384595
D003424	genus	48736	24	0.257651798	0.163313334	0.294025436
D003424	genus	59732	24	0.134205187	0.017828542	0.277296342
D003424	genus	909928	23	0.215119728	0.036582179	0.600514308
D003424	genus	222	22	0.868961876	0.295862382	2.38804641
D003424	genus	47670	22	0.238278166	0.166540829	0.24122843
D003424	genus	1472762	22	0.239075244	0.039264907	0.43109684
D003424	genus	2126002	22	0.129544274	0.017175979	0.22664138
D003424	genus	2944149	22	0.005801199	0.003676797	0.007448299
D003424	genus	407	21	0.162643902	0.083768284	0.27759055
D003424	genus	59735	21	0.214582501	0.18018018	0.15282193
D003424	genus	168808	21	0.835738391	0.379854887	1.059301568
D003424	genus	2070447	21	0.043918752	0.046088259	0.021952682
D003424	genus	2171986	21	0.785161477	0.436432638	0.904163196
D003424	genus	2801844	21	0.024667891	0.008369999	0.066263584
D003424	genus	2975519	21	0.163008117	0.100440824	0.134861615
D003424	genus	160674	20	0.293393253	0.150639191	0.735757003
D003424	genus	248038	20	0.249740623	0.212110625	0.192068031
D003424	genus	651554	20	0.24421349	0.137049993	0.343167945
D003424	genus	40323	19	0.463559931	0.22586664	0.864332556
D003424	genus	157	18	0.186302653	0.170640854	0.103315543
D003424	genus	662	18	0.061338699	0.029204502	0.120333644
D003424	genus	2049	18	0.247550438	0.111430951	0.405167267
D003424	genus	4930	18	0.030221458	0.010230001	0.053234614
D003424	genus	2093825	18	0.418633506	0.140055969	0.565055455
D003424	genus	2767879	18	0.165990236	0.17370083	0.126445733
D003424	genus	1470353	17	0.050708909	0.037113263	0.047793964
D003424	genus	2983247	17	0.026740481	0.007483423	0.040845865
D003424	genus	1647	16	0.193927211	0.097342499	0.286413525
D003424	genus	2086	16	0.48527783	0.348949933	0.565322369
D003424	genus	32008	16	0.096265207	0.004364999	0.226137329
D003424	genus	1827195	16	0.101923269	0.080906172	0.066814421
D003424	genus	702	15	1.207389297	0.180270018	2.092396004
D003424	genus	28263	15	0.074142169	0.033468322	0.080477535
D003424	genus	1774107	15	0.359343427	0.121094696	0.480716711
D003424	genus	1849828	15	0.556789101	0.081493137	0.88480644
D003424	genus	2137577	15	0.109925518	0.055727583	0.120487931
D003424	genus	16	14	0.494228799	0.449420737	0.334576969
D003424	genus	1645	14	0.370561813	0.235117884	0.327690437
D003424	genus	33882	14	0.245783202	0.179463962	0.286619468
D003424	genus	85413	14	0.413400269	0.336725836	0.266663606
D003424	genus	165696	14	0.234136105	0.116879869	0.250624028
D003424	genus	258514	14	0.013751976	0.000389334	0.049900883
D003424	genus	501783	14	0.189816166	0.118479916	0.217297556
D003424	genus	588605	14	0.166698409	0.032489993	0.265018829
D003424	genus	653683	14	0.242001535	0.170776186	0.266860229
D003424	genus	1738645	14	0.107315556	0.025986802	0.127288167
D003424	genus	1824856	14	0.276458242	0.23962367	0.183691183
D003424	genus	2082587	14	0.246201409	0.257279043	0.187886774
D003424	genus	2944150	14	0.046098538	0.045972422	0.027709316
D003424	genus	613	13	0.255301235	0.22918823	0.170638071
D003424	genus	713	13	0.333454934	0.322883033	0.16716875
D003424	genus	2093	13	0.039635125	0.001883942	0.077163381
D003424	genus	2745	13	0.301055796	0.141322781	0.461539833
D003424	genus	12967	13	0.144457231	0.031205539	0.234928198
D003424	genus	106589	13	0.713789706	0.748987854	0.53743516
D003424	genus	142577	13	0.15351468	0.06530399	0.177659114
D003424	genus	1573536	13	0.131521083	0.111600915	0.07877824
D003424	genus	75	12	0.246711162	0.191033487	0.222970956
D003424	genus	37914	12	0.176752243	0.141033678	0.076753024
D003424	genus	42255	12	0.132145653	0.054146106	0.193073654
D003424	genus	162290	12	0.114271532	0.118050659	0.068578785
D003424	genus	2739835	12	0.028085959	0.005089999	0.059704053
D003424	genus	2740557	12	0.0474675	0.005495001	0.111589335
D003424	genus	642	11	0.579433435	0.141411944	1.079822634
D003424	genus	113286	11	0.183255776	0.051229508	0.260896605
D003424	genus	2171988	11	0.009700911	0.002440001	0.020011183
D003424	genus	265	10	0.36843495	0.124639541	0.79293777
D003424	genus	586	10	0.368037331	0.182689396	0.561381197
D003424	genus	44259	10	0.191195509	0.207241823	0.120862677
D003424	genus	374468	10	3.259516674	0.055944978	6.344742608
D003424	genus	1980697	10	0.109167999	0.114885329	0.063188576
D003424	genus	283	9	0.869007414	0.310834813	0.880412772
D003424	genus	1696	9	0.044617036	0.043051901	0.031424974
D003424	genus	12916	9	0.048617433	0.019770006	0.075775502
D003424	genus	13075	9	0.200700805	0.201733413	0.116213414
D003424	genus	40840	9	0.131452331	0.106983655	0.087013828
D003424	genus	57494	9	0.507880263	0.537323303	0.239134147
D003424	genus	100175	9	0.025927362	0.000705674	0.075634296
D003424	genus	292480	9	0.152239335	0.114416476	0.120229262
D003424	genus	379065	9	0.512819125	0.60547348	0.223828642
D003424	genus	1213720	9	0.202472789	0.16206073	0.121680373
D003424	genus	1906156	9	0.115379876	0.048524845	0.132970499
D003424	genus	2767880	9	0.038951979	0.00214	0.077213709
D003424	genus	2944143	9	0.006180166	0.003504719	0.006249396
D003424	genus	2983509	9	0.165030654	0.092021801	0.237823629
D003424	genus	1386	8	0.965237185	0.047052717	2.169936855
D003424	genus	2053	8	0.100197371	0.088171665	0.052995071
D003424	genus	84162	8	0.067323802	0.009375234	0.116484024
D003424	genus	118747	8	0.022374608	0.009821756	0.036649199
D003424	genus	149698	8	0.094503104	0.073637525	0.068205973
D003424	genus	203470	8	0.079964388	0.08133513	0.02651818
D003424	genus	447792	8	0.159428732	0.011844999	0.341684906
D003424	genus	1981028	8	0.144175383	0.132569029	0.048474962
D003424	genus	2834348	8	1.900647539	0.022819998	4.090529718
D003424	genus	2847314	8	0.105266552	0.11969998	0.078791677
D003424	genus	963	7	0.140053277	0.143217232	0.086684302
D003424	genus	1298	7	0.154566836	0.147710487	0.103901734
D003424	genus	1827	7	0.061356083	0.058913054	0.062332033
D003424	genus	2152	7	0.82906598	0.64147018	0.810352243
D003424	genus	2717	7	0.116580775	0.095773973	0.06935712
D003424	genus	2747	7	0.024641267	0.001819999	0.041048846
D003424	genus	41275	7	0.390891473	0.159457843	0.635983969
D003424	genus	268408	7	0.150482812	0.141317788	0.087890277
D003424	genus	704093	7	0.305252689	0.264970853	0.216675823
D003424	genus	1632780	7	0.080877601	0.0829302	0.040285704
D003424	genus	830	6	0.721743032	0.091131401	1.593010682
D003424	genus	1269	6	0.164162922	0.156309032	0.162929403
D003424	genus	28453	6	0.85101269	0.196543486	1.571025222
D003424	genus	43996	6	0.156058123	0.107374806	0.121226033
D003424	genus	44249	6	0.06805864	0.025930001	0.081388497
D003424	genus	66831	6	0.633622873	0.178746635	1.181636393
D003424	genus	128827	6	0.364188423	0.271029992	0.356416748
D003424	genus	195950	6	0.167527571	0.130206589	0.169761728
D003424	genus	236752	6	0.395983286	0.024566789	0.632108457
D003424	genus	428711	6	0.023649557	0.012509435	0.024332494
D003424	genus	445219	6	0.161848673	0.156706447	0.129338764
D003424	genus	504481	6	0.121708755	0.095306688	0.105527047
D003424	genus	1509243	6	0.212917035	0.140846251	0.188897795
D003424	genus	1549619	6	0.068422713	0.073039071	0.044732047
D003424	genus	2767890	6	0.374527195	0.05330999	0.537314701
D003424	genus	2944195	6	0.002470283	0.001255847	0.002346762
D003424	genus	22	5	0.124880724	0.035089996	0.145272438
D003424	genus	374	5	0.098918346	0.141700405	0.079614879
D003424	genus	1663	5	0.151411985	0.005209999	0.329006555
D003424	genus	29521	5	12.50054887	1.166820702	25.99848338
D003424	genus	31983	5	0.31601039	0.27318	0.3040529
D003424	genus	36739	5	0.165673772	0.046950806	0.279239837
D003424	genus	83770	5	0.142962273	0.063743891	0.134255252
D003424	genus	96783	5	0.092176449	0.071955388	0.091523563
D003424	genus	114248	5	0.108572382	0.132586918	0.072835151
D003424	genus	196013	5	0.179623775	0.169692186	0.038219707
D003424	genus	255528	5	0.139852776	0.152040671	0.108771476
D003424	genus	281119	5	0.061120344	0.063743891	0.047063777
D003424	genus	698776	5	0.139244353	0.021050008	0.27487977
D003424	genus	1427378	5	0.169235065	0.124411749	0.126089598
D003424	genus	1715798	5	0.009594011	0.005229999	0.012178672
D003424	genus	1929305	5	0.642266304	0.005470002	1.375617748
D003424	genus	2743582	5	0.841907482	0.059269982	1.137030596
D003424	genus	2767893	5	0.106020024	0.030360003	0.145085493
D003424	genus	20	4	0.099410279	0.067615584	0.077839861
D003424	genus	237	4	0.097748504	0.040993051	0.145679008
D003424	genus	338	4	0.112954399	0.071141851	0.134922277
D003424	genus	445	4	0.167604805	0.13892469	0.132626804
D003424	genus	843	4	0.089522031	0.081760861	0.023304731
D003424	genus	1266	4	0.089249872	0.066585001	0.092302422
D003424	genus	1763	4	0.123936987	0.139235137	0.070494267
D003424	genus	32257	4	0.156338184	0.175515258	0.102033254
D003424	genus	35829	4	0.103348981	0.019324998	0.180827167
D003424	genus	49082	4	0.177492386	0.197647844	0.0599013
D003424	genus	51668	4	0.158012488	0.039585004	0.246593756
D003424	genus	52228	4	2.108022489	0.177234979	3.979738865
D003424	genus	85043	4	0.180854624	0.205546408	0.083361561
D003424	genus	238749	4	0.183153689	0.193770459	0.125022648
D003424	genus	361177	4	0.124628942	0.083777598	0.103114457
D003424	genus	1433300	4	0.123997709	0.047118819	0.179715951
D003424	genus	1434006	4	0.035167762	0.023176165	0.042379793
D003424	genus	1481960	4	0.384422383	0.286290844	0.394362018
D003424	genus	1635148	4	0.054858912	0.031962786	0.064749812
D003424	genus	1729679	4	0.083528032	0.075314233	0.088629231
D003424	genus	1843210	4	0.148740021	0.141350014	0.106576559
D003424	genus	1914234	4	0.127081381	0.093763373	0.075078717
D003424	genus	2767881	4	0.037817501	0.01918	0.039953661
D003424	genus	2767884	4	0.984858433	0.825836395	0.946038226
D003424	genus	2767886	4	0.447190065	0.436080004	0.433439172
D003424	genus	2767891	4	0.129011525	0.041955002	0.201893294
D003424	genus	2782229	4	0.011467501	0.013739999	0.008463792
D003424	genus	2815773	4	0.484604475	0.065307332	0.872329935
D003424	genus	68	3	0.169493119	0.069789758	0.20620515
D003424	genus	1839	3	0.0747546	0.07772	0.060957437
D003424	genus	2129	3	0.041450634	0.036894534	0.013039454
D003424	genus	2316	3	0.31516009	0.246051274	0.338471793
D003424	genus	2755	3	0.010729998	0.009799998	0.007935974
D003424	genus	57479	3	0.008040002	0.002	0.010609155
D003424	genus	57493	3	0.903848216	0.272662043	1.310662709
D003424	genus	80865	3	1.511574156	0.283322601	2.338269518
D003424	genus	93681	3	0.129431097	0.135781715	0.082406056
D003424	genus	94008	3	0.133776479	0.064724919	0.13147315
D003424	genus	125216	3	0.048080096	0.062665055	0.032777747
D003424	genus	129337	3	0.279627876	0.272704211	0.248181828
D003424	genus	204447	3	0.095981967	0.102604578	0.020675379
D003424	genus	227873	3	0.041151137	0.000636624	0.070289481
D003424	genus	423604	3	0.111500961	0.095096582	0.066271284
D003424	genus	990719	3	0.234096045	0.209611055	0.045396372
D003424	genus	1080709	3	0.097649957	0.092520019	0.078730432
D003424	genus	1649487	3	0.21559204	0.226644947	0.11081861
D003424	genus	1649502	3	0.058993316	0.063822475	0.023997049
D003424	genus	1653174	3	0.21432105	0.016869665	0.342239501
D003424	genus	1742991	3	0.313057764	0.239989029	0.243670905
D003424	genus	1912215	3	0.033289997	0.003940001	0.054098117
D003424	genus	1922299	3	0.026660023	0.035619996	0.018143051
D003424	genus	1926672	3	3.788680226	0.012579999	6.550506563
D003424	genus	2024199	3	0.127563326	0.174390017	0.090146612
D003424	genus	2767327	3	0.077760021	0.010519999	0.122355362
D003424	genus	2815780	3	0.364143343	0.321749903	0.106470246
D003424	genus	2944145	3	0.003763661	0.005430985	0.002991549
D003424	genus	2946534	3	0.042543354	0.007560002	0.064856214
D003424	genus	2983249	3	0.003586667	0.00287	0.002619587
D003424	genus	2994443	3	0.08656666	0.05117	0.10818868
D003424	genus	404	2	0.043270124	0.043270124	0.019371118
D003424	genus	475	2	0.066338663	0.066338663	0.093534194
D003424	genus	497	2	0.210282172	0.210282172	0.031892345
D003424	genus	1883	2	0.106610468	0.106610468	0.069590526
D003424	genus	13334	2	0.846903824	0.846903824	0.840444583
D003424	genus	28895	2	0.415999178	0.415999178	0.407234398
D003424	genus	33057	2	0.049896867	0.049896867	0.011726818
D003424	genus	38501	2	0.128982054	0.128982054	0.101228726
D003424	genus	43994	2	0.176677834	0.176677834	0.050894113
D003424	genus	51123	2	0.087303685	0.087303685	0.037310301
D003424	genus	53335	2	0.063295614	0.063295614	0.009044765
D003424	genus	55080	2	0.164957228	0.164957228	0.094458834
D003424	genus	66862	2	0.103478132	0.103478132	0.082620463
D003424	genus	70774	2	0.253345187	0.253345187	0.015714451
D003424	genus	81852	2	0.074474938	0.074474938	0.004038119
D003424	genus	82202	2	0.205716319	0.205716319	0.203361427
D003424	genus	131079	2	0.178304785	0.178304785	0.034503867
D003424	genus	165697	2	0.121762637	0.121762637	0.0067405
D003424	genus	186650	2	0.147941937	0.147941937	0.131034151
D003424	genus	255204	2	0.019757108	0.019757108	0.026583126
D003424	genus	305976	2	0.088598985	0.088598985	0.104710538
D003424	genus	332248	2	0.027093615	0.027093615	0.016290196
D003424	genus	400634	2	6.438633017	6.438633017	8.859794448
D003424	genus	1069494	2	0.039856495	0.039856495	0.043354834
D003424	genus	1279384	2	0.00158	0.00158	0.00205061
D003424	genus	1354333	2	0.168813178	0.168813178	0.062016416
D003424	genus	1522056	2	1.307419458	1.307419458	1.633831021
D003424	genus	1663717	2	0.238258823	0.238258823	0.213328792
D003424	genus	1903858	2	0.062584067	0.062584067	0.01533483
D003424	genus	1926651	2	0.395747331	0.395747331	0.0
D003424	genus	1926659	2	5.918358388	5.918358388	7.349244327
D003424	genus	1973274	2	0.261279969	0.261279969	0.073638056
D003424	genus	1980680	2	0.003839999	0.003839999	0.002404162
D003424	genus	2992720	2	0.040215011	0.040215011	0.042164791
D003424	genus	191	1	0.18351909	0.18351909	
D003424	genus	507	1	0.097365716	0.097365716	
D003424	genus	590	1	0.09806	0.09806	
D003424	genus	629	1	0.014229996	0.014229996	
D003424	genus	810	1	0.090370018	0.090370018	
D003424	genus	893	1	0.10778387	0.10778387	
D003424	genus	939	1	0.066614183	0.066614183	
D003424	genus	958	1	0.01973165	0.01973165	
D003424	genus	1060	1	0.087450809	0.087450809	
D003424	genus	1649	1	0.283388193	0.283388193	
D003424	genus	1707	1	0.090521143	0.090521143	
D003424	genus	1817	1	0.153906867	0.153906867	
D003424	genus	2023	1	0.092598717	0.092598717	
D003424	genus	2038	1	0.008770004	0.008770004	
D003424	genus	2737	1	0.60358	0.60358	
D003424	genus	2753	1	0.095245654	0.095245654	
D003424	genus	4919	1	0.080639992	0.080639992	
D003424	genus	28065	1	0.071619557	0.071619557	
D003424	genus	29330	1	0.085984523	0.085984523	
D003424	genus	29393	1	0.0552868	0.0552868	
D003424	genus	29407	1	0.047355959	0.047355959	
D003424	genus	32012	1	0.369899434	0.369899434	
D003424	genus	33958	1	0.045526975	0.045526975	
D003424	genus	34104	1	0.28566482	0.28566482	
D003424	genus	35812	1	0.148735746	0.148735746	
D003424	genus	41273	1	2.143707821	2.143707821	
D003424	genus	43668	1	0.052618991	0.052618991	
D003424	genus	45667	1	0.377358491	0.377358491	
D003424	genus	45989	1	0.012808876	0.012808876	
D003424	genus	46913	1	0.120405128	0.120405128	
D003424	genus	49279	1	0.010383138	0.010383138	
D003424	genus	55968	1	1.667328305	1.667328305	
D003424	genus	56999	1	0.077265973	0.077265973	
D003424	genus	57495	1	0.079370329	0.079370329	
D003424	genus	65551	1	0.018263728	0.018263728	
D003424	genus	69965	1	0.000804089	0.000804089	
D003424	genus	75309	1	0.052618991	0.052618991	
D003424	genus	82373	1	0.000423468	0.000423468	
D003424	genus	86795	1	0.063141279	0.063141279	
D003424	genus	118966	1	0.012374706	0.012374706	
D003424	genus	141948	1	0.27981059	0.27981059	
D003424	genus	150203	1	0.040793016	0.040793016	
D003424	genus	150247	1	0.597524541	0.597524541	
D003424	genus	151037	1	0.027107617	0.027107617	
D003424	genus	157920	1	0.310755961	0.310755961	
D003424	genus	165695	1	0.264567762	0.264567762	
D003424	genus	166953	1	0.018613309	0.018613309	
D003424	genus	167639	1	8e-05	8e-05	
D003424	genus	168470	1	0.00351	0.00351	
D003424	genus	173479	1	0.236779795	0.236779795	
D003424	genus	174708	1	0.033967391	0.033967391	
D003424	genus	182709	1	9.274378497	9.274378497	
D003424	genus	203133	1	0.188379981	0.188379981	
D003424	genus	207599	1	0.205209155	0.205209155	
D003424	genus	265718	1	0.014253813	0.014253813	
D003424	genus	290425	1	0.179694519	0.179694519	
D003424	genus	294702	1	0.052913552	0.052913552	
D003424	genus	295418	1	0.165258906	0.165258906	
D003424	genus	329857	1	0.090406297	0.090406297	
D003424	genus	384638	1	0.553301365	0.553301365	
D003424	genus	413496	1	0.00123	0.00123	
D003424	genus	414371	1	0.301952627	0.301952627	
D003424	genus	416949	1	0.015574707	0.015574707	
D003424	genus	455358	1	0.110021526	0.110021526	
D003424	genus	457476	1	0.073810642	0.073810642	
D003424	genus	471824	1	0.059194949	0.059194949	
D003424	genus	489909	1	4.173234552	4.173234552	
D003424	genus	582472	1	0.017300003	0.017300003	
D003424	genus	660514	1	0.000832304	0.000832304	
D003424	genus	665874	1	0.009704969	0.009704969	
D003424	genus	674963	1	0.272449918	0.272449918	
D003424	genus	908935	1	0.159568615	0.159568615	
D003424	genus	1004303	1	0.044184791	0.044184791	
D003424	genus	1154586	1	0.074980268	0.074980268	
D003424	genus	1155385	1	0.0772698	0.0772698	
D003424	genus	1215913	1	0.109210047	0.109210047	
D003424	genus	1276290	1	0.024649998	0.024649998	
D003424	genus	1281902	1	0.055248619	0.055248619	
D003424	genus	1330545	1	0.002805252	0.002805252	
D003424	genus	1330546	1	0.017340002	0.017340002	
D003424	genus	1330547	1	0.116599988	0.116599988	
D003424	genus	1427376	1	0.070293828	0.070293828	
D003424	genus	1504576	1	0.656044986	0.656044986	
D003424	genus	1649512	1	0.080520701	0.080520701	
D003424	genus	1677050	1	0.063141279	0.063141279	
D003424	genus	1742989	1	0.08595496	0.08595496	
D003424	genus	1759365	1	0.055248619	0.055248619	
D003424	genus	1775121	1	0.024789998	0.024789998	
D003424	genus	1777753	1	0.071877808	0.071877808	
D003424	genus	1794910	1	0.106550908	0.106550908	
D003424	genus	1840214	1	0.079666339	0.079666339	
D003424	genus	1882917	1	0.051302289	0.051302289	
D003424	genus	1903434	1	0.031279997	0.031279997	
D003424	genus	1918452	1	0.027360003	0.027360003	
D003424	genus	1918542	1	0.003549999	0.003549999	
D003424	genus	1921511	1	0.071033938	0.071033938	
D003424	genus	1926655	1	1.935000194	1.935000194	
D003424	genus	1929045	1	0.017533054	0.017533054	
D003424	genus	1935192	1	0.024270002	0.024270002	
D003424	genus	1937008	1	0.090887348	0.090887348	
D003424	genus	1981033	1	0.9997596	0.9997596	
D003424	genus	1981050	1	0.542729152	0.542729152	
D003424	genus	2026349	1	0.00021	0.00021	
D003424	genus	2039714	1	0.063141279	0.063141279	
D003424	genus	2596745	1	0.00227	0.00227	
D003424	genus	2692118	1	0.168800017	0.168800017	
D003424	genus	2767876	1	0.377358491	0.377358491	
D003424	genus	2767892	1	0.016949998	0.016949998	
D003424	genus	2803850	1	0.024350007	0.024350007	
D003424	genus	2817139	1	0.005279999	0.005279999	
D003424	genus	2847307	1	2.069310621	2.069310621	
D003424	genus	2884610	1	0.004999999	0.004999999	
D003424	genus	2995122	1	0.015450002	0.015450002	
